000000000000000000110010100000,000000000000000000000000000001,textures/common/caulk
000000000000000000000000000000,000000000000000000000000000001,noshader
000000000000000000000000000000,000000000000000000000000000001,textures/atcshd/eq2_bmtl_01
000000000000000000110000010100,000000000000000000000000000001,textures/atcshd/sky
000000000000000000000000000000,000000000000000000000000000001,textures/atcshd/eq2_bmtl
000000000000000000000000000000,000000000000000000000000000001,textures/atcshd/eq2_trimv_mini02
000000000000000000000000000000,000000000000000000000000000001,textures/atcshd/eq2_fbase
000000000000000000000000000000,000000000000000000000000000001,textures/atcshd/eq2_stepside_01
000000000000000000000000000000,000000000000000000000000000001,textures/atcshd/eq2_trimv_mini
000000000000000000000000000000,000000000000000000000000000001,textures/atcshd/eq2_trimv_12b
000000000000000000000000000000,000000000000000000000000000001,textures/atcshd/eq2_trimv_11d
000000000000000000000000000000,000000000000000000000000000001,textures/atcshd/eq2_trimv_00
000000000000000000000000000000,000000000000000000000000000001,textures/atcshd/eq2_trimh_03c
000000000000000000000000000000,000000000000000000000000000001,textures/atcshd/eq2_bmtl_02_384
000000000000000000000000000000,000000000000000000000000000001,textures/atcshd/webtreats_metal_1
000000000000000000000000000000,000000000000000000000000000001,textures/atcshd/eq2_bmtl_02up
000000000000000000110000100000,000000000000000000000000000001,textures/atcshd/black
000000000000000000000000100000,000000000000000000000000000001,textures/atcshd/eq2lt_bmtl03light_1000
000000000000000000000000000000,000000000000000000000000000001,textures/atcshd/eq2_bmtl_03
000000000000000000000000100000,000000000000000000000000000001,textures/atcshd/cubelight_32_red_s_20k
000000000000000000000000000000,000000000000000000000000000001,textures/atcshd/eq2_trimv_10b
000000000000000000000000000000,000000000000000000000000000001,textures/atcshd/eq2_bigmet_01
000000000000000000000000000000,000000000000000000000000000001,textures/atcshd/eq2_trimv_mini02b
000000000000000000000000000000,000000000000000000000000000001,textures/atcshd/eq2_bmtl_02
000000000000000000000000000000,000000000000000000000000000001,textures/niveus/kt_512_rough1-2
000000000000000000000000000000,000000000000000000000000000001,textures/atcshd/eq2_trimv_04
000000000000000000000000000000,000000000000000000000000000001,textures/atcshd/eq2_grate_01
000000000000000000000000100000,000000000000000000000000000001,textures/atcshd/cubelight_32_red_s_15k
000000000000000000000000000000,000000000000000000000000000001,textures/atcshd/eq2_bmtl_04
000000000000000000000000100000,000000000000000000000000000001,textures/atcshd/eq2lt_baselt03b_s_1500
000000000000000000000000000000,000000000000000000000000000001,textures/atcshd/eq2_trim_02
000000000000000000000000000000,000000000000000000000000000001,textures/atcshd/eq2_trimv_09b
000000000000000000000000000000,000000000000000000000000000001,textures/atcshd/eq2_trimh_01
000000000000000000000000000000,000000000000000000000000000001,textures/atcshd/eq2_trimv_11d_blue
000000000000000000000000000000,000000000000000000000000000001,textures/atcshd/eq2_trimv_11d_red
000000000000000000000000000000,000000000000000000000000000001,textures/atcshd/eq2_trimv_11
000000000000000000000000000000,000000000000000000000000000001,textures/atcshd/eq2_bmtl_02_384b
000000000000000000000000100000,000000000000000000000000000001,textures/atcshd/cubelight_32_blue_s_15k
000000000000000000000000000000,000000000000000000000000000001,textures/atcshd/eq2_fgrate_01
000000000000000000000000100000,000000000000000000000000000001,textures/atcshd/eq2_baselt03_blue_s_3000
000000000000000000000000100000,000000000000000000000000000001,textures/atcshd/eq2lt_baselt03b_blue_s_2000
000000000000000000000000100000,000000000000000000000000000001,textures/atcshd/eq2_baselt03_blue_s_5000
000000000000000000000000000000,000000000000000000000000000001,textures/atcshd/trak4_tile2b_atcshd
000000000000000000000000100000,000000000000000000000000000001,textures/atcshd/eq2lt_baselt03b_blue_s_1500
000000000000000000000000000000,000000000000000000000000000001,textures/atcshd/eq2_trimh_03cc
000000000000000000000000000000,000000000000000000000000000001,textures/atcshd/eq2_bmtl_03_blue
000000000000000000000000000000,000000000000000000000000000001,textures/atcshd/eq2_trimv_05b
000000000000000000000000100000,000000000000000000000000000001,textures/atcshd/cubelight_32_red_s_10k
000000000000000000000000000000,000000000000000000000000000001,textures/atcshd/eq2_trimv_01b
000000000000000000000000000000,000000000000000000000000000001,textures/atcshd/eq2_trimv_02
000000000000000000000000000000,000000000000000000000000000001,textures/atcshd/eq2_bmtl_03_red
000000000000000000000000000000,000000000000000000000000000001,textures/atcshd/eq2_trimv_05
000000000000000000000000100000,000000000000000000000000000001,textures/atcshd/cubelight_32_white_s_20k
000000000000000000000000000000,000000000000000000000000000001,textures/atcshd/eq2_bmtl_05
000000000000000000000000100000,000000000000000000000000000001,textures/atcshd/cubelight_32_blue_s_20k
000000000000000000000000100000,000000000000000000000000000001,textures/atcshd/eq2lt_baselt03b_blue_s_3000
000000000000000000000000100000,000000000000000000000000000001,textures/atcshd/cubelight_32_blue_s_10k
000000000000000000000000000000,000000000000000000000000000001,textures/atcshd/eq2_bmtl_08
000000000000000000000000000000,000000000000000000000000000001,textures/atcshd/eq2_floor_06b
000000000000000100110010100000,100000000000000000000000000000,textures/common/nodraw
000000000000000000110000100000,100000000000000000000000000001,textures/atcshd/force_field_s
000000000000000000110010100010,100000000000000000000000000001,textures/common/slick
000000000000000100110010110000,100000000000010000000000000000,textures/common/clip
000000000000000100110000000000,100000000000000000000001000000,textures/atcshd/fog_s
000000000000000100000110010000,110000000000000000000000000000,textures/common/hint
000000000000000000000000100000,100000000000000000000000000001,textures/atcshd/bulb_red_s
000000000000000000000000000000,000000000000000000000000000001,textures/atcshd/atcshd-pipe
000000000000000000000010000000,000000000000000000000000000001,textures/common/trigger
000000000000000000000000000000,000000000000000000000000000001,textures/atcshd/ing1_base01a
